new_clipi-j,event_order,id,score,event_type
clip1-1,1,0,0.452,all_activity
clip1-2,1,0,0.303,all_activity
clip1-3,1,0,0.331,all_activity
clip1-4,1,0,0.493,all_activity
clip1-5,1,0,0.117,all_activity
clip1-6,1,0,0.171,all_activity
clip1-7,1,0,0.158,all_activity
clip1-8,1,0,0.211,all_activity
clip1-9,1,0,0.38,all_activity
clip1-1,1,1,0.165,all_activity
clip1-2,1,1,0.075,all_activity
clip1-3,1,1,0.165,all_activity
clip1-4,1,1,0.165,all_activity
clip1-5,1,1,0.075,all_activity
clip1-6,1,1,0.075,all_activity
clip1-7,1,1,0.075,all_activity
clip1-8,1,1,0.075,all_activity
clip1-9,1,1,0.075,all_activity
clip1-1,1,2,0.175,all_activity
clip1-2,1,2,0.175,all_activity
clip1-3,1,2,0.175,all_activity
clip1-4,1,2,0.225,all_activity
clip1-5,1,2,0.036,all_activity
clip1-6,1,2,0.136,all_activity
clip1-7,1,2,0.036,all_activity
clip1-8,1,2,0.036,all_activity
clip1-9,1,2,0.126,all_activity
clip1-1,1,3,0.175,all_activity
clip1-2,1,3,0.075,all_activity
clip1-3,1,3,0.165,all_activity
clip1-4,1,3,0.136,all_activity
clip1-5,1,3,0.036,all_activity
clip1-6,1,3,0.036,all_activity
clip1-7,1,3,0.036,all_activity
clip1-8,1,3,0.036,all_activity
clip1-9,1,3,0.136,all_activity
clip1-1,1,4,0.036,all_activity
clip1-2,1,4,0.036,all_activity
clip1-3,1,4,0.036,all_activity
clip1-4,1,4,0.136,all_activity
clip1-5,1,4,0.036,all_activity
clip1-6,1,4,0.036,all_activity
clip1-7,1,4,0.036,all_activity
clip1-8,1,4,0.036,all_activity
clip1-9,1,4,0.126,all_activity
clip2-1,2,0,0.434,all_activity
clip2-2,2,0,0.442,all_activity
clip2-3,2,0,0.511,all_activity
clip2-4,2,0,0.406,all_activity
clip2-5,2,0,0.273,all_activity
clip2-1,2,1,0.136,all_activity
clip2-2,2,1,0.303,all_activity
clip2-3,2,1,0.303,all_activity
clip2-4,2,1,0.036,all_activity
clip2-5,2,1,0.036,all_activity
clip2-1,2,2,0.136,all_activity
clip2-2,2,2,0.136,all_activity
clip2-3,2,2,0.225,all_activity
clip2-4,2,2,0.126,all_activity
clip2-5,2,2,0.036,all_activity
clip2-1,2,3,0.036,all_activity
clip2-2,2,3,0.036,all_activity
clip2-3,2,3,0.214,all_activity
clip2-4,2,3,0.136,all_activity
clip2-5,2,3,0.036,all_activity
clip2-1,2,4,0.136,all_activity
clip2-2,2,4,0.136,all_activity
clip2-3,2,4,0.264,all_activity
clip2-4,2,4,0.136,all_activity
clip2-5,2,4,0.036,all_activity
clip3-1,3,0,0.375,single_question
clip3-2,3,0,0.136,single_question
clip3-3,3,0,0.158,single_question
clip3-4,3,0,0.036,single_question
clip3-5,3,0,0.308,single_question
clip3-6,3,0,0.317,single_question
clip3-7,3,0,0.136,single_question
clip3-8,3,0,0.036,single_question
clip3-1,3,1,0.225,single_question
clip3-2,3,1,0.214,single_question
clip3-3,3,1,0.036,single_question
clip3-4,3,1,0.036,single_question
clip3-5,3,1,0.036,single_question
clip3-6,3,1,0.036,single_question
clip3-7,3,1,0.036,single_question
clip3-8,3,1,0.036,single_question
clip3-1,3,2,0.136,single_question
clip3-2,3,2,0.136,single_question
clip3-3,3,2,0.036,single_question
clip3-4,3,2,0.036,single_question
clip3-5,3,2,0.036,single_question
clip3-6,3,2,0.136,single_question
clip3-7,3,2,0.225,single_question
clip3-8,3,2,0.036,single_question
clip3-1,3,3,0.136,single_question
clip3-2,3,3,0.299,single_question
clip3-3,3,3,0.036,single_question
clip3-4,3,3,0.191,single_question
clip3-5,3,3,0.136,single_question
clip3-6,3,3,0.136,single_question
clip3-7,3,3,0.329,single_question
clip3-8,3,3,0.287,single_question
clip3-1,3,4,0.136,single_question
clip3-2,3,4,0.136,single_question
clip3-3,3,4,0.036,single_question
clip3-4,3,4,0.136,single_question
clip3-5,3,4,0.036,single_question
clip3-6,3,4,0.214,single_question
clip3-7,3,4,0.136,single_question
clip3-8,3,4,0.136,single_question
clip7-1,7,0,0.426,all_question
clip7-2,7,0,0.303,all_question
clip7-3,7,0,0.327,all_question
clip7-4,7,0,0.136,all_question
clip7-5,7,0,0.036,all_question
clip7-6,7,0,0.22,all_question
clip7-7,7,0,0.213,all_question
clip7-8,7,0,0.194,all_question
clip7-1,7,1,0.136,all_question
clip7-2,7,1,0.036,all_question
clip7-3,7,1,0.036,all_question
clip7-4,7,1,0.136,all_question
clip7-5,7,1,0.036,all_question
clip7-6,7,1,0.036,all_question
clip7-7,7,1,0.036,all_question
clip7-8,7,1,0.036,all_question
clip7-1,7,2,0.225,all_question
clip7-2,7,2,0.136,all_question
clip7-3,7,2,0.136,all_question
clip7-4,7,2,0.433,all_question
clip7-5,7,2,0.3,all_question
clip7-6,7,2,0.136,all_question
clip7-7,7,2,0.036,all_question
clip7-8,7,2,0.136,all_question
clip7-1,7,3,0.136,all_question
clip7-2,7,3,0.136,all_question
clip7-3,7,3,0.136,all_question
clip7-4,7,3,0.136,all_question
clip7-5,7,3,0.136,all_question
clip7-6,7,3,0.036,all_question
clip7-7,7,3,0.036,all_question
clip7-8,7,3,0.036,all_question
clip7-1,7,4,0.254,all_question
clip7-2,7,4,0.036,all_question
clip7-3,7,4,0.126,all_question
clip7-4,7,4,0.036,all_question
clip7-5,7,4,0.036,all_question
clip7-6,7,4,0.036,all_question
clip7-7,7,4,0.036,all_question
clip7-8,7,4,0.036,all_question
clip8-1,8,0,0.348,all_activity
clip8-2,8,0,0.44,all_activity
clip8-3,8,0,0.541,all_activity
clip8-4,8,0,0.136,all_activity
clip8-5,8,0,0.216,all_activity
clip8-1,8,1,0.136,all_activity
clip8-2,8,1,0.136,all_activity
clip8-3,8,1,0.136,all_activity
clip8-4,8,1,0.136,all_activity
clip8-5,8,1,0.136,all_activity
clip8-1,8,2,0.136,all_activity
clip8-2,8,2,0.225,all_activity
clip8-3,8,2,0.136,all_activity
clip8-4,8,2,0.314,all_activity
clip8-5,8,2,0.136,all_activity
clip8-1,8,3,0.136,all_activity
clip8-2,8,3,0.136,all_activity
clip8-3,8,3,0.136,all_activity
clip8-4,8,3,0.036,all_activity
clip8-5,8,3,0.036,all_activity
clip8-1,8,4,0.225,all_activity
clip8-2,8,4,0.036,all_activity
clip8-3,8,4,0.225,all_activity
clip8-4,8,4,0.036,all_activity
clip8-5,8,4,0.136,all_activity
clip9-1,9,0,0.485,single_question
clip9-2,9,0,0.036,single_question
clip9-3,9,0,0.294,single_question
clip9-1,9,1,0.214,single_question
clip9-2,9,1,0.036,single_question
clip9-3,9,1,0.126,single_question
clip9-1,9,2,0.136,single_question
clip9-2,9,2,0.036,single_question
clip9-3,9,2,0.136,single_question
clip9-1,9,3,0.136,single_question
clip9-2,9,3,0.144,single_question
clip9-3,9,3,0.036,single_question
clip9-1,9,4,0.036,single_question
clip9-2,9,4,0.136,single_question
clip9-3,9,4,0.036,single_question
clip10-1,10,0,0.525,all_activity
clip10-2,10,0,0.34,all_activity
clip10-3,10,0,0.313,all_activity
clip10-4,10,0,0.383,all_activity
clip10-5,10,0,0.532,all_activity
clip10-6,10,0,0.036,all_activity
clip10-7,10,0,0.136,all_activity
clip10-1,10,1,0.136,all_activity
clip10-2,10,1,0.225,all_activity
clip10-3,10,1,0.136,all_activity
clip10-4,10,1,0.136,all_activity
clip10-5,10,1,0.136,all_activity
clip10-6,10,1,0.036,all_activity
clip10-7,10,1,0.136,all_activity
clip10-1,10,2,0.225,all_activity
clip10-2,10,2,0.136,all_activity
clip10-3,10,2,0.136,all_activity
clip10-4,10,2,0.136,all_activity
clip10-5,10,2,0.225,all_activity
clip10-6,10,2,0.036,all_activity
clip10-7,10,2,0.293,all_activity
clip10-1,10,3,0.136,all_activity
clip10-2,10,3,0.225,all_activity
clip10-3,10,3,0.175,all_activity
clip10-4,10,3,0.036,all_activity
clip10-5,10,3,0.136,all_activity
clip10-6,10,3,0.036,all_activity
clip10-7,10,3,0.303,all_activity
clip10-1,10,4,0.214,all_activity
clip10-2,10,4,0.225,all_activity
clip10-3,10,4,0.036,all_activity
clip10-4,10,4,0.136,all_activity
clip10-5,10,4,0.136,all_activity
clip10-6,10,4,0.143,all_activity
clip10-7,10,4,0.136,all_activity
clip11-1,11,0,0.312,none
clip11-2,11,0,0.409,none
clip11-3,11,0,0.425,none
clip11-4,11,0,0.479,none
clip11-5,11,0,0.232,none
clip11-6,11,0,0.302,none
clip11-7,11,0,0.461,none
clip11-1,11,1,0.036,none
clip11-2,11,1,0.136,none
clip11-3,11,1,0.225,none
clip11-4,11,1,0.225,none
clip11-5,11,1,0.036,none
clip11-6,11,1,0.036,none
clip11-7,11,1,0.136,none
clip11-1,11,2,0.136,none
clip11-2,11,2,0.136,none
clip11-3,11,2,0.136,none
clip11-4,11,2,0.136,none
clip11-5,11,2,0.136,none
clip11-6,11,2,0.036,none
clip11-7,11,2,0.136,none
clip11-1,11,3,0.036,none
clip11-2,11,3,0.214,none
clip11-3,11,3,0.136,none
clip11-4,11,3,0.136,none
clip11-5,11,3,0.036,none
clip11-6,11,3,0.225,none
clip11-7,11,3,0.225,none
clip11-1,11,4,0.214,none
clip11-2,11,4,0.136,none
clip11-3,11,4,0.214,none
clip11-4,11,4,0.136,none
clip11-5,11,4,0.165,none
clip11-6,11,4,0.036,none
clip11-7,11,4,0.214,none
clip12-1,12,0,0.438,all_activity
clip12-2,12,0,0.183,all_activity
clip12-3,12,0,0.371,all_activity
clip12-4,12,0,0.136,all_activity
clip12-5,12,0,0.292,all_activity
clip12-6,12,0,0.356,all_activity
clip12-1,12,1,0.136,all_activity
clip12-2,12,1,0.136,all_activity
clip12-3,12,1,0.225,all_activity
clip12-4,12,1,0.036,all_activity
clip12-5,12,1,0.036,all_activity
clip12-6,12,1,0.136,all_activity
clip12-1,12,2,0.136,all_activity
clip12-2,12,2,0.036,all_activity
clip12-3,12,2,0.136,all_activity
clip12-4,12,2,0.305,all_activity
clip12-5,12,2,0.136,all_activity
clip12-6,12,2,0.136,all_activity
clip12-1,12,3,0.264,all_activity
clip12-2,12,3,0.136,all_activity
clip12-3,12,3,0.136,all_activity
clip12-4,12,3,0.036,all_activity
clip12-5,12,3,0.136,all_activity
clip12-6,12,3,0.136,all_activity
clip12-1,12,4,0.136,all_activity
clip12-2,12,4,0.115,all_activity
clip12-3,12,4,0.136,all_activity
clip12-4,12,4,0.036,all_activity
clip12-5,12,4,0.036,all_activity
clip12-6,12,4,0.136,all_activity
clip13-1,13,0,0.433,single_question
clip13-2,13,0,0.036,single_question
clip13-3,13,0,0.208,single_question
clip13-4,13,0,0.036,single_question
clip13-5,13,0,0.272,single_question
clip13-1,13,1,0.136,single_question
clip13-2,13,1,0.036,single_question
clip13-3,13,1,0.136,single_question
clip13-4,13,1,0.136,single_question
clip13-5,13,1,0.136,single_question
clip13-1,13,2,0.136,single_question
clip13-2,13,2,0.036,single_question
clip13-3,13,2,0.036,single_question
clip13-4,13,2,0.136,single_question
clip13-5,13,2,0.136,single_question
clip13-1,13,3,0.136,single_question
clip13-2,13,3,0.166,single_question
clip13-3,13,3,0.036,single_question
clip13-4,13,3,0.255,single_question
clip13-5,13,3,0.136,single_question
clip13-1,13,4,0.136,single_question
clip13-2,13,4,0.036,single_question
clip13-3,13,4,0.036,single_question
clip13-4,13,4,0.036,single_question
clip13-5,13,4,0.136,single_question
clip14-1,14,0,0.329,none
clip14-2,14,0,0.466,none
clip14-3,14,0,0.433,none
clip14-4,14,0,0.417,none
clip14-5,14,0,0.329,none
clip14-1,14,1,0.136,none
clip14-2,14,1,0.136,none
clip14-3,14,1,0.136,none
clip14-4,14,1,0.036,none
clip14-5,14,1,0.136,none
clip14-1,14,2,0.136,none
clip14-2,14,2,0.136,none
clip14-3,14,2,0.136,none
clip14-4,14,2,0.136,none
clip14-5,14,2,0.136,none
clip14-1,14,3,0.136,none
clip14-2,14,3,0.136,none
clip14-3,14,3,0.126,none
clip14-4,14,3,0.136,none
clip14-5,14,3,0.136,none
clip14-1,14,4,0.136,none
clip14-2,14,4,0.175,none
clip14-3,14,4,0.136,none
clip14-4,14,4,0.036,none
clip14-5,14,4,0.136,none
clip15-1,15,0,0.474,single_activity
clip15-2,15,0,0.447,single_activity
clip15-3,15,0,0.403,single_activity
clip15-4,15,0,0.036,single_activity
clip15-5,15,0,0.136,single_activity
clip15-6,15,0,0.348,single_activity
clip15-7,15,0,0.036,single_activity
clip15-8,15,0,0.172,single_activity
clip15-9,15,0,0.136,single_activity
clip15-10,15,0,0.339,single_activity
clip15-11,15,0,0.437,single_activity
clip15-12,15,0,0.43,single_activity
clip15-13,15,0,0.036,single_activity
clip15-14,15,0,0.136,single_activity
clip15-15,15,0,0.34,single_activity
clip15-16,15,0,0.036,single_activity
clip15-17,15,0,0.136,single_activity
clip15-18,15,0,0.338,single_activity
clip15-19,15,0,0.435,single_activity
clip15-20,15,0,0.136,single_activity
clip15-1,15,1,0.136,single_activity
clip15-2,15,1,0.136,single_activity
clip15-3,15,1,0.136,single_activity
clip15-4,15,1,0.036,single_activity
clip15-10,15,1,0.225,single_activity
clip15-11,15,1,0.136,single_activity
clip15-12,15,1,0.036,single_activity
clip15-13,15,1,0.036,single_activity
clip15-14,15,1,0.036,single_activity
clip15-15,15,1,0.136,single_activity
clip15-16,15,1,0.136,single_activity
clip15-17,15,1,0.126,single_activity
clip15-18,15,1,0.036,single_activity
clip15-19,15,1,0.036,single_activity
clip15-20,15,1,0.136,single_activity
clip15-1,15,2,0.136,single_activity
clip15-2,15,2,0.136,single_activity
clip15-3,15,2,0.136,single_activity
clip15-4,15,2,0.177,single_activity
clip15-5,15,2,0.384,single_activity
clip15-6,15,2,0.136,single_activity
clip15-7,15,2,0.136,single_activity
clip15-8,15,2,0.036,single_activity
clip15-9,15,2,0.136,single_activity
clip15-10,15,2,0.036,single_activity
clip15-11,15,2,0.136,single_activity
clip15-12,15,2,0.136,single_activity
clip15-13,15,2,0.245,single_activity
clip15-14,15,2,0.226,single_activity
clip15-15,15,2,0.036,single_activity
clip15-16,15,2,0.367,single_activity
clip15-17,15,2,0.321,single_activity
clip15-18,15,2,0.136,single_activity
clip15-19,15,2,0.136,single_activity
clip15-20,15,2,0.314,single_activity
clip15-1,15,3,0.136,single_activity
clip15-2,15,3,0.264,single_activity
clip15-3,15,3,0.136,single_activity
clip15-4,15,3,0.036,single_activity
clip15-5,15,3,0.136,single_activity
clip15-6,15,3,0.136,single_activity
clip15-7,15,3,0.251,single_activity
clip15-8,15,3,0.036,single_activity
clip15-9,15,3,0.302,single_activity
clip15-10,15,3,0.136,single_activity
clip15-11,15,3,0.136,single_activity
clip15-12,15,3,0.136,single_activity
clip15-13,15,3,0.036,single_activity
clip15-14,15,3,0.136,single_activity
clip15-15,15,3,0.136,single_activity
clip15-16,15,3,0.036,single_activity
clip15-17,15,3,0.136,single_activity
clip15-18,15,3,0.136,single_activity
clip15-19,15,3,0.136,single_activity
clip15-20,15,3,0.036,single_activity
clip15-1,15,4,0.115,single_activity
clip15-2,15,4,0.036,single_activity
clip15-3,15,4,0.136,single_activity
clip15-4,15,4,0.036,single_activity
clip15-5,15,4,0.126,single_activity
clip15-6,15,4,0.036,single_activity
clip15-7,15,4,0.036,single_activity
clip15-8,15,4,0.036,single_activity
clip15-9,15,4,0.036,single_activity
clip15-10,15,4,0.225,single_activity
clip15-11,15,4,0.136,single_activity
clip15-12,15,4,0.036,single_activity
clip15-13,15,4,0.036,single_activity
clip15-14,15,4,0.036,single_activity
clip15-15,15,4,0.036,single_activity
clip15-16,15,4,0.036,single_activity
clip15-17,15,4,0.126,single_activity
clip15-18,15,4,0.136,single_activity
clip15-19,15,4,0.136,single_activity
clip15-20,15,4,0.136,single_activity
clip16-1,16,0,0.278,all_activity
clip16-2,16,0,0.17,all_activity
clip16-3,16,0,0.246,all_activity
clip16-4,16,0,0.333,all_activity
clip16-5,16,0,0.454,all_activity
clip16-6,16,0,0.226,all_activity
clip16-7,16,0,0.176,all_activity
clip16-8,16,0,0.328,all_activity
clip16-9,16,0,0.214,all_activity
clip16-10,16,0,0.41,all_activity
clip16-11,16,0,0.368,all_activity
clip16-12,16,0,0.297,all_activity
clip16-13,16,0,0.416,all_activity
clip16-14,16,0,0.214,all_activity
clip16-15,16,0,0.505,all_activity
clip16-16,16,0,0.164,all_activity
clip16-17,16,0,0.391,all_activity
clip16-18,16,0,0.136,all_activity
clip16-19,16,0,0.036,all_activity
clip16-1,16,1,0.036,all_activity
clip16-2,16,1,0.036,all_activity
clip16-3,16,1,0.036,all_activity
clip16-4,16,1,0.136,all_activity
clip16-5,16,1,0.136,all_activity
clip16-6,16,1,0.036,all_activity
clip16-7,16,1,0.036,all_activity
clip16-8,16,1,0.225,all_activity
clip16-9,16,1,0.036,all_activity
clip16-10,16,1,0.136,all_activity
clip16-11,16,1,0.136,all_activity
clip16-12,16,1,0.036,all_activity
clip16-13,16,1,0.225,all_activity
clip16-14,16,1,0.136,all_activity
clip16-15,16,1,0.136,all_activity
clip16-16,16,1,0.036,all_activity
clip16-17,16,1,0.136,all_activity
clip16-18,16,1,0.036,all_activity
clip16-19,16,1,0.036,all_activity
clip16-1,16,2,0.136,all_activity
clip16-2,16,2,0.036,all_activity
clip16-3,16,2,0.225,all_activity
clip16-4,16,2,0.136,all_activity
clip16-5,16,2,0.136,all_activity
clip16-6,16,2,0.036,all_activity
clip16-7,16,2,0.036,all_activity
clip16-8,16,2,0.136,all_activity
clip16-9,16,2,0.036,all_activity
clip16-10,16,2,0.136,all_activity
clip16-11,16,2,0.136,all_activity
clip16-12,16,2,0.136,all_activity
clip16-13,16,2,0.136,all_activity
clip16-14,16,2,0.136,all_activity
clip16-15,16,2,0.136,all_activity
clip16-16,16,2,0.136,all_activity
clip16-17,16,2,0.136,all_activity
clip16-18,16,2,0.136,all_activity
clip16-19,16,2,0.198,all_activity
clip16-1,16,3,0.136,all_activity
clip16-2,16,3,0.036,all_activity
clip16-3,16,3,0.136,all_activity
clip16-4,16,3,0.136,all_activity
clip16-5,16,3,0.136,all_activity
clip16-6,16,3,0.036,all_activity
clip16-7,16,3,0.036,all_activity
clip16-8,16,3,0.036,all_activity
clip16-9,16,3,0.136,all_activity
clip16-10,16,3,0.136,all_activity
clip16-11,16,3,0.136,all_activity
clip16-12,16,3,0.036,all_activity
clip16-13,16,3,0.136,all_activity
clip16-14,16,3,0.136,all_activity
clip16-15,16,3,0.225,all_activity
clip16-16,16,3,0.136,all_activity
clip16-17,16,3,0.136,all_activity
clip16-18,16,3,0.136,all_activity
clip16-19,16,3,0.036,all_activity
clip16-1,16,4,0.036,all_activity
clip16-2,16,4,0.036,all_activity
clip16-3,16,4,0.225,all_activity
clip16-4,16,4,0.136,all_activity
clip16-5,16,4,0.126,all_activity
clip16-6,16,4,0.036,all_activity
clip16-7,16,4,0.136,all_activity
clip16-8,16,4,0.136,all_activity
clip16-9,16,4,0.282,all_activity
clip16-10,16,4,0.036,all_activity
clip16-11,16,4,0.036,all_activity
clip16-12,16,4,0.036,all_activity
clip16-13,16,4,0.136,all_activity
clip16-14,16,4,0.283,all_activity
clip16-15,16,4,0.036,all_activity
clip16-16,16,4,0.036,all_activity
clip16-17,16,4,0.036,all_activity
clip16-18,16,4,0.264,all_activity
clip16-19,16,4,0.036,all_activity
clip17-1,17,0,0.457,all_question
clip17-2,17,0,0.409,all_question
clip17-3,17,0,0.422,all_question
clip17-1,17,1,0.136,all_question
clip17-2,17,1,0.036,all_question
clip17-3,17,1,0.136,all_question
clip17-1,17,2,0.136,all_question
clip17-2,17,2,0.136,all_question
clip17-3,17,2,0.136,all_question
clip17-1,17,3,0.136,all_question
clip17-2,17,3,0.136,all_question
clip17-3,17,3,0.136,all_question
clip17-1,17,4,0.136,all_question
clip17-2,17,4,0.136,all_question
clip17-3,17,4,0.136,all_question
clip18-1,18,0,0.499,single_activity
clip18-2,18,0,0.449,single_activity
clip18-3,18,0,0.188,single_activity
clip18-4,18,0,0.087,single_activity
clip18-5,18,0,0.036,single_activity
clip18-6,18,0,0.036,single_activity
clip18-7,18,0,0.192,single_activity
clip18-8,18,0,0.34,single_activity
clip18-9,18,0,0.036,single_activity
clip18-10,18,0,0.362,single_activity
clip18-11,18,0,0.298,single_activity
clip18-12,18,0,0.136,single_activity
clip18-13,18,0,0.271,single_activity
clip18-14,18,0,0.136,single_activity
clip18-15,18,0,0.42,single_activity
clip18-16,18,0,0.306,single_activity
clip18-17,18,0,0.214,single_activity
clip18-18,18,0,0.32,single_activity
clip18-1,18,1,0.136,single_activity
clip18-2,18,1,0.225,single_activity
clip18-3,18,1,0.036,single_activity
clip18-4,18,1,0.036,single_activity
clip18-5,18,1,0.036,single_activity
clip18-6,18,1,0.036,single_activity
clip18-7,18,1,0.036,single_activity
clip18-8,18,1,0.136,single_activity
clip18-9,18,1,0.036,single_activity
clip18-10,18,1,0.036,single_activity
clip18-11,18,1,0.036,single_activity
clip18-12,18,1,0.136,single_activity
clip18-13,18,1,0.136,single_activity
clip18-14,18,1,0.036,single_activity
clip18-15,18,1,0.136,single_activity
clip18-16,18,1,0.136,single_activity
clip18-17,18,1,0.136,single_activity
clip18-18,18,1,0.136,single_activity
clip18-1,18,2,0.225,single_activity
clip18-2,18,2,0.136,single_activity
clip18-3,18,2,0.036,single_activity
clip18-4,18,2,0.036,single_activity
clip18-5,18,2,0.251,single_activity
clip18-6,18,2,0.199,single_activity
clip18-7,18,2,0.136,single_activity
clip18-8,18,2,0.136,single_activity
clip18-9,18,2,0.207,single_activity
clip18-10,18,2,0.225,single_activity
clip18-11,18,2,0.115,single_activity
clip18-12,18,2,0.315,single_activity
clip18-13,18,2,0.136,single_activity
clip18-14,18,2,0.321,single_activity
clip18-15,18,2,0.214,single_activity
clip18-16,18,2,0.036,single_activity
clip18-17,18,2,0.292,single_activity
clip18-18,18,2,0.136,single_activity
clip18-1,18,3,0.036,single_activity
clip18-2,18,3,0.036,single_activity
clip18-3,18,3,0.036,single_activity
clip18-4,18,3,0.036,single_activity
clip18-5,18,3,0.136,single_activity
clip18-6,18,3,0.036,single_activity
clip18-7,18,3,0.036,single_activity
clip18-8,18,3,0.136,single_activity
clip18-9,18,3,0.036,single_activity
clip18-10,18,3,0.036,single_activity
clip18-11,18,3,0.036,single_activity
clip18-12,18,3,0.136,single_activity
clip18-13,18,3,0.136,single_activity
clip18-14,18,3,0.036,single_activity
clip18-15,18,3,0.115,single_activity
clip18-16,18,3,0.136,single_activity
clip18-17,18,3,0.136,single_activity
clip18-18,18,3,0.136,single_activity
clip18-1,18,4,0.136,single_activity
clip18-2,18,4,0.136,single_activity
clip18-3,18,4,0.036,single_activity
clip18-4,18,4,0.036,single_activity
clip18-5,18,4,0.036,single_activity
clip18-6,18,4,0.036,single_activity
clip18-7,18,4,0.036,single_activity
clip18-8,18,4,0.136,single_activity
clip18-9,18,4,0.036,single_activity
clip18-10,18,4,0.036,single_activity
clip18-11,18,4,0.036,single_activity
clip18-12,18,4,0.136,single_activity
clip18-13,18,4,0.136,single_activity
clip18-14,18,4,0.036,single_activity
clip18-15,18,4,0.136,single_activity
clip18-16,18,4,0.075,single_activity
clip18-17,18,4,0.225,single_activity
clip18-18,18,4,0.136,single_activity
clip19-1,19,0,0.307,none
clip19-2,19,0,0.452,none
clip19-3,19,0,0.411,none
clip19-1,19,1,0.136,none
clip19-2,19,1,0.136,none
clip19-3,19,1,0.136,none
clip19-1,19,2,0.136,none
clip19-2,19,2,0.225,none
clip19-3,19,2,0.136,none
clip19-1,19,3,0.214,none
clip19-2,19,3,0.136,none
clip19-3,19,3,0.136,none
clip19-1,19,4,0.136,none
clip19-2,19,4,0.136,none
clip19-3,19,4,0.175,none
clip20-1,20,0,0.433,all_question
clip20-2,20,0,0.036,all_question
clip20-3,20,0,0.189,all_question
clip20-4,20,0,0.036,all_question
clip20-5,20,0,0.036,all_question
clip20-6,20,0,0.293,all_question
clip20-7,20,0,0.208,all_question
clip20-8,20,0,0.425,all_question
clip20-9,20,0,0.328,all_question
clip20-1,20,1,0.036,all_question
clip20-2,20,1,0.036,all_question
clip20-3,20,1,0.036,all_question
clip20-4,20,1,0.136,all_question
clip20-5,20,1,0.136,all_question
clip20-6,20,1,0.136,all_question
clip20-7,20,1,0.036,all_question
clip20-8,20,1,0.136,all_question
clip20-9,20,1,0.136,all_question
clip20-1,20,2,0.136,all_question
clip20-2,20,2,0.32,all_question
clip20-3,20,2,0.136,all_question
clip20-4,20,2,0.261,all_question
clip20-5,20,2,0.338,all_question
clip20-6,20,2,0.136,all_question
clip20-7,20,2,0.136,all_question
clip20-8,20,2,0.136,all_question
clip20-9,20,2,0.136,all_question
clip20-1,20,3,0.136,all_question
clip20-2,20,3,0.136,all_question
clip20-3,20,3,0.136,all_question
clip20-4,20,3,0.036,all_question
clip20-5,20,3,0.244,all_question
clip20-6,20,3,0.136,all_question
clip20-7,20,3,0.136,all_question
clip20-8,20,3,0.136,all_question
clip20-9,20,3,0.136,all_question
clip20-1,20,4,0.036,all_question
clip20-2,20,4,0.036,all_question
clip20-3,20,4,0.036,all_question
clip20-4,20,4,0.036,all_question
clip20-5,20,4,0.136,all_question
clip20-6,20,4,0.036,all_question
clip20-7,20,4,0.136,all_question
clip20-8,20,4,0.175,all_question
clip20-9,20,4,0.165,all_question
clip21-1,21,0,0.446,single_question
clip21-2,21,0,0.136,single_question
clip21-3,21,0,0.321,single_question
clip21-4,21,0,0.304,single_question
clip21-5,21,0,0.136,single_question
clip21-6,21,0,0.288,single_question
clip21-1,21,1,0.225,single_question
clip21-2,21,1,0.036,single_question
clip21-3,21,1,0.036,single_question
clip21-4,21,1,0.036,single_question
clip21-5,21,1,0.036,single_question
clip21-6,21,1,0.036,single_question
clip21-1,21,2,0.136,single_question
clip21-2,21,2,0.307,single_question
clip21-3,21,2,0.036,single_question
clip21-4,21,2,0.036,single_question
clip21-5,21,2,0.305,single_question
clip21-6,21,2,0.136,single_question
clip21-1,21,3,0.136,single_question
clip21-2,21,3,0.136,single_question
clip21-3,21,3,0.136,single_question
clip21-4,21,3,0.136,single_question
clip21-5,21,3,0.136,single_question
clip21-6,21,3,0.136,single_question
clip21-1,21,4,0.075,single_question
clip21-2,21,4,0.075,single_question
clip21-3,21,4,0.075,single_question
clip21-4,21,4,0.075,single_question
clip21-5,21,4,0.075,single_question
clip21-6,21,4,0.075,single_question
clip22-1,22,0,0.442,all_activity
clip22-2,22,0,0.302,all_activity
clip22-3,22,0,0.273,all_activity
clip22-4,22,0,0.388,all_activity
clip22-5,22,0,0.133,all_activity
clip22-6,22,0,0.443,all_activity
clip22-7,22,0,0.42,all_activity
clip22-8,22,0,0.036,all_activity
clip22-9,22,0,0.036,all_activity
clip22-10,22,0,0.523,all_activity
clip22-1,22,1,0.303,all_activity
clip22-2,22,1,0.036,all_activity
clip22-3,22,1,0.036,all_activity
clip22-4,22,1,0.036,all_activity
clip22-5,22,1,0.036,all_activity
clip22-6,22,1,0.136,all_activity
clip22-7,22,1,0.136,all_activity
clip22-8,22,1,0.036,all_activity
clip22-9,22,1,0.179,all_activity
clip22-10,22,1,0.214,all_activity
clip22-1,22,2,0.225,all_activity
clip22-2,22,2,0.036,all_activity
clip22-3,22,2,0.036,all_activity
clip22-4,22,2,0.036,all_activity
clip22-5,22,2,0.136,all_activity
clip22-6,22,2,0.136,all_activity
clip22-7,22,2,0.214,all_activity
clip22-8,22,2,0.343,all_activity
clip22-9,22,2,0.036,all_activity
clip22-10,22,2,0.136,all_activity
clip22-1,22,3,0.136,all_activity
clip22-2,22,3,0.036,all_activity
clip22-3,22,3,0.136,all_activity
clip22-4,22,3,0.303,all_activity
clip22-5,22,3,0.036,all_activity
clip22-6,22,3,0.136,all_activity
clip22-7,22,3,0.136,all_activity
clip22-8,22,3,0.036,all_activity
clip22-9,22,3,0.036,all_activity
clip22-10,22,3,0.136,all_activity
clip22-1,22,4,0.154,all_activity
clip22-2,22,4,0.036,all_activity
clip22-3,22,4,0.036,all_activity
clip22-4,22,4,0.126,all_activity
clip22-5,22,4,0.036,all_activity
clip22-6,22,4,0.136,all_activity
clip22-7,22,4,0.225,all_activity
clip22-8,22,4,0.136,all_activity
clip22-9,22,4,0.136,all_activity
clip22-10,22,4,0.225,all_activity
clip23-1,23,0,0.551,single_activity
clip23-2,23,0,0.396,single_activity
clip23-3,23,0,0.265,single_activity
clip23-4,23,0,0.136,single_activity
clip23-5,23,0,0.194,single_activity
clip23-6,23,0,0.303,single_activity
clip23-7,23,0,0.307,single_activity
clip23-8,23,0,0.136,single_activity
clip23-9,23,0,0.136,single_activity
clip23-10,23,0,0.136,single_activity
clip23-1,23,1,0.136,single_activity
clip23-2,23,1,0.214,single_activity
clip23-3,23,1,0.036,single_activity
clip23-4,23,1,0.136,single_activity
clip23-5,23,1,0.036,single_activity
clip23-6,23,1,0.036,single_activity
clip23-7,23,1,0.136,single_activity
clip23-8,23,1,0.115,single_activity
clip23-9,23,1,0.036,single_activity
clip23-10,23,1,0.115,single_activity
clip23-1,23,2,0.225,single_activity
clip23-2,23,2,0.136,single_activity
clip23-3,23,2,0.036,single_activity
clip23-4,23,2,0.305,single_activity
clip23-5,23,2,0.036,single_activity
clip23-6,23,2,0.136,single_activity
clip23-7,23,2,0.136,single_activity
clip23-8,23,2,0.323,single_activity
clip23-9,23,2,0.281,single_activity
clip23-10,23,2,0.383,single_activity
clip23-1,23,3,0.136,single_activity
clip23-2,23,3,0.136,single_activity
clip23-3,23,3,0.136,single_activity
clip23-4,23,3,0.136,single_activity
clip23-5,23,3,0.136,single_activity
clip23-6,23,3,0.036,single_activity
clip23-7,23,3,0.225,single_activity
clip23-8,23,3,0.036,single_activity
clip23-9,23,3,0.036,single_activity
clip23-10,23,3,0.036,single_activity
clip23-1,23,4,0.136,single_activity
clip23-2,23,4,0.225,single_activity
clip23-3,23,4,0.175,single_activity
clip23-4,23,4,0.136,single_activity
clip23-5,23,4,0.036,single_activity
clip23-6,23,4,0.036,single_activity
clip23-7,23,4,0.136,single_activity
clip23-8,23,4,0.225,single_activity
clip23-9,23,4,0.036,single_activity
clip23-10,23,4,0.036,single_activity
clip24-1,24,0,0.178,all_question
clip24-2,24,0,0.434,all_question
clip24-3,24,0,0.531,all_question
clip24-4,24,0,0.369,all_question
clip24-5,24,0,0.159,all_question
clip24-6,24,0,0.136,all_question
clip24-7,24,0,0.455,all_question
clip24-8,24,0,0.388,all_question
clip24-9,24,0,0.16,all_question
clip24-1,24,1,0.136,all_question
clip24-2,24,1,0.136,all_question
clip24-3,24,1,0.136,all_question
clip24-4,24,1,0.136,all_question
clip24-5,24,1,0.036,all_question
clip24-6,24,1,0.313,all_question
clip24-7,24,1,0.136,all_question
clip24-8,24,1,0.214,all_question
clip24-9,24,1,0.136,all_question
clip24-1,24,2,0.036,all_question
clip24-2,24,2,0.136,all_question
clip24-3,24,2,0.136,all_question
clip24-4,24,2,0.136,all_question
clip24-5,24,2,0.036,all_question
clip24-6,24,2,0.136,all_question
clip24-7,24,2,0.136,all_question
clip24-8,24,2,0.136,all_question
clip24-9,24,2,0.136,all_question
clip24-1,24,3,0.036,all_question
clip24-2,24,3,0.136,all_question
clip24-3,24,3,0.136,all_question
clip24-4,24,3,0.136,all_question
clip24-5,24,3,0.036,all_question
clip24-6,24,3,0.136,all_question
clip24-7,24,3,0.136,all_question
clip24-8,24,3,0.136,all_question
clip24-9,24,3,0.136,all_question
clip24-1,24,4,0.036,all_question
clip24-2,24,4,0.136,all_question
clip24-3,24,4,0.136,all_question
clip24-4,24,4,0.036,all_question
clip24-5,24,4,0.036,all_question
clip24-6,24,4,0.036,all_question
clip24-7,24,4,0.036,all_question
clip24-8,24,4,0.136,all_question
clip24-9,24,4,0.136,all_question
clip25-1,25,0,0.326,all_activity
clip25-2,25,0,0.447,all_activity
clip25-3,25,0,0.453,all_activity
clip25-4,25,0,0.136,all_activity
clip25-5,25,0,0.036,all_activity
clip25-6,25,0,0.31,all_activity
clip25-7,25,0,0.244,all_activity
clip25-8,25,0,0.443,all_activity
clip25-1,25,1,0.214,all_activity
clip25-2,25,1,0.214,all_activity
clip25-3,25,1,0.115,all_activity
clip25-4,25,1,0.316,all_activity
clip25-5,25,1,0.273,all_activity
clip25-6,25,1,0.214,all_activity
clip25-7,25,1,0.126,all_activity
clip25-8,25,1,0.036,all_activity
clip25-1,25,2,0.214,all_activity
clip25-2,25,2,0.136,all_activity
clip25-3,25,2,0.136,all_activity
clip25-4,25,2,0.136,all_activity
clip25-5,25,2,0.136,all_activity
clip25-6,25,2,0.136,all_activity
clip25-7,25,2,0.136,all_activity
clip25-8,25,2,0.136,all_activity
clip25-1,25,3,0.136,all_activity
clip25-2,25,3,0.225,all_activity
clip25-3,25,3,0.136,all_activity
clip25-4,25,3,0.136,all_activity
clip25-5,25,3,0.136,all_activity
clip25-6,25,3,0.136,all_activity
clip25-7,25,3,0.136,all_activity
clip25-8,25,3,0.036,all_activity
clip25-1,25,4,0.136,all_activity
clip25-2,25,4,0.136,all_activity
clip25-3,25,4,0.136,all_activity
clip25-4,25,4,0.136,all_activity
clip25-5,25,4,0.136,all_activity
clip25-6,25,4,0.036,all_activity
clip25-7,25,4,0.303,all_activity
clip25-8,25,4,0.036,all_activity
clip26-1,26,0,0.452,all_question
clip26-2,26,0,0.136,all_question
clip26-3,26,0,0.136,all_question
clip26-4,26,0,0.489,all_question
clip26-1,26,1,0.136,all_question
clip26-2,26,1,0.136,all_question
clip26-3,26,1,0.265,all_question
clip26-4,26,1,0.136,all_question
clip26-1,26,2,0.136,all_question
clip26-2,26,2,0.136,all_question
clip26-3,26,2,0.136,all_question
clip26-4,26,2,0.136,all_question
clip26-1,26,3,0.136,all_question
clip26-2,26,3,0.276,all_question
clip26-3,26,3,0.136,all_question
clip26-4,26,3,0.036,all_question
clip26-1,26,4,0.225,all_question
clip26-2,26,4,0.036,all_question
clip26-3,26,4,0.136,all_question
clip26-4,26,4,0.136,all_question
clip27-1,27,0,0.507,none
clip27-2,27,0,0.384,none
clip27-3,27,0,0.316,none
clip27-4,27,0,0.518,none
clip27-1,27,1,0.136,none
clip27-2,27,1,0.136,none
clip27-3,27,1,0.136,none
clip27-4,27,1,0.136,none
clip27-1,27,2,0.136,none
clip27-2,27,2,0.136,none
clip27-3,27,2,0.214,none
clip27-4,27,2,0.214,none
clip27-1,27,3,0.136,none
clip27-2,27,3,0.126,none
clip27-3,27,3,0.136,none
clip27-4,27,3,0.225,none
clip27-1,27,4,0.136,none
clip27-2,27,4,0.136,none
clip27-3,27,4,0.136,none
clip27-4,27,4,0.214,none
clip28-1,28,0,0.296,all_activity
clip28-2,28,0,0.362,all_activity
clip28-3,28,0,0.449,all_activity
clip28-4,28,0,0.494,all_activity
clip28-5,28,0,0.136,all_activity
clip28-6,28,0,0.304,all_activity
clip28-7,28,0,0.307,all_activity
clip28-1,28,1,0.136,all_activity
clip28-2,28,1,0.225,all_activity
clip28-3,28,1,0.136,all_activity
clip28-4,28,1,0.303,all_activity
clip28-5,28,1,0.295,all_activity
clip28-6,28,1,0.136,all_activity
clip28-7,28,1,0.036,all_activity
clip28-1,28,2,0.136,all_activity
clip28-2,28,2,0.214,all_activity
clip28-3,28,2,0.136,all_activity
clip28-4,28,2,0.136,all_activity
clip28-5,28,2,0.225,all_activity
clip28-6,28,2,0.136,all_activity
clip28-7,28,2,0.136,all_activity
clip28-1,28,3,0.136,all_activity
clip28-2,28,3,0.136,all_activity
clip28-3,28,3,0.225,all_activity
clip28-4,28,3,0.136,all_activity
clip28-5,28,3,0.136,all_activity
clip28-6,28,3,0.036,all_activity
clip28-7,28,3,0.036,all_activity
clip28-1,28,4,0.136,all_activity
clip28-2,28,4,0.136,all_activity
clip28-3,28,4,0.225,all_activity
clip28-4,28,4,0.036,all_activity
clip28-5,28,4,0.036,all_activity
clip28-6,28,4,0.036,all_activity
clip28-7,28,4,0.036,all_activity
clip29-1,29,0,0.426,all_activity
clip29-2,29,0,0.298,all_activity
clip29-3,29,0,0.199,all_activity
clip29-4,29,0,0.236,all_activity
clip29-5,29,0,0.28,all_activity
clip29-6,29,0,0.136,all_activity
clip29-7,29,0,0.036,all_activity
clip29-8,29,0,0.443,all_activity
clip29-9,29,0,0.364,all_activity
clip29-1,29,1,0.214,all_activity
clip29-2,29,1,0.036,all_activity
clip29-3,29,1,0.036,all_activity
clip29-4,29,1,0.036,all_activity
clip29-5,29,1,0.136,all_activity
clip29-6,29,1,0.206,all_activity
clip29-7,29,1,0.036,all_activity
clip29-8,29,1,0.036,all_activity
clip29-9,29,1,0.036,all_activity
clip29-1,29,2,0.303,all_activity
clip29-2,29,2,0.136,all_activity
clip29-3,29,2,0.036,all_activity
clip29-4,29,2,0.136,all_activity
clip29-5,29,2,0.136,all_activity
clip29-6,29,2,0.136,all_activity
clip29-7,29,2,0.136,all_activity
clip29-8,29,2,0.136,all_activity
clip29-9,29,2,0.136,all_activity
clip29-1,29,3,0.136,all_activity
clip29-2,29,3,0.225,all_activity
clip29-3,29,3,0.036,all_activity
clip29-4,29,3,0.136,all_activity
clip29-5,29,3,0.214,all_activity
clip29-6,29,3,0.136,all_activity
clip29-7,29,3,0.036,all_activity
clip29-8,29,3,0.136,all_activity
clip29-9,29,3,0.126,all_activity
clip29-1,29,4,0.115,all_activity
clip29-2,29,4,0.036,all_activity
clip29-3,29,4,0.036,all_activity
clip29-4,29,4,0.136,all_activity
clip29-5,29,4,0.036,all_activity
clip29-6,29,4,0.136,all_activity
clip29-7,29,4,0.255,all_activity
clip29-8,29,4,0.225,all_activity
clip29-9,29,4,0.165,all_activity
clip30-1,30,0,0.292,all_question
clip30-2,30,0,0.153,all_question
clip30-3,30,0,0.136,all_question
clip30-4,30,0,0.136,all_question
clip30-5,30,0,0.454,all_question
clip30-6,30,0,0.156,all_question
clip30-7,30,0,0.149,all_question
clip30-1,30,1,0.136,all_question
clip30-2,30,1,0.036,all_question
clip30-3,30,1,0.036,all_question
clip30-4,30,1,0.036,all_question
clip30-5,30,1,0.136,all_question
clip30-6,30,1,0.036,all_question
clip30-7,30,1,0.036,all_question
clip30-1,30,2,0.136,all_question
clip30-2,30,2,0.036,all_question
clip30-3,30,2,0.157,all_question
clip30-4,30,2,0.136,all_question
clip30-5,30,2,0.136,all_question
clip30-6,30,2,0.036,all_question
clip30-7,30,2,0.036,all_question
clip30-1,30,3,0.036,all_question
clip30-2,30,3,0.036,all_question
clip30-3,30,3,0.036,all_question
clip30-4,30,3,0.402,all_question
clip30-5,30,3,0.136,all_question
clip30-6,30,3,0.036,all_question
clip30-7,30,3,0.036,all_question
clip30-1,30,4,0.036,all_question
clip30-2,30,4,0.036,all_question
clip30-3,30,4,0.036,all_question
clip30-4,30,4,0.136,all_question
clip30-5,30,4,0.136,all_question
clip30-6,30,4,0.036,all_question
clip30-7,30,4,0.036,all_question
clip31-1,31,0,0.403,all_activity
clip31-2,31,0,0.036,all_activity
clip31-3,31,0,0.036,all_activity
clip31-4,31,0,0.036,all_activity
clip31-5,31,0,0.4,all_activity
clip31-6,31,0,0.136,all_activity
clip31-7,31,0,0.036,all_activity
clip31-8,31,0,0.169,all_activity
clip31-1,31,3,0.136,all_activity
clip31-2,31,3,0.036,all_activity
clip31-3,31,3,0.036,all_activity
clip31-4,31,3,0.036,all_activity
clip31-5,31,3,0.225,all_activity
clip31-6,31,3,0.136,all_activity
clip31-7,31,3,0.036,all_activity
clip31-8,31,3,0.036,all_activity
clip31-1,31,4,0.136,all_activity
clip31-2,31,4,0.193,all_activity
clip31-3,31,4,0.24,all_activity
clip31-4,31,4,0.036,all_activity
clip31-5,31,4,0.136,all_activity
clip31-6,31,4,0.171,all_activity
clip31-7,31,4,0.036,all_activity
clip31-8,31,4,0.036,all_activity
clip32-1,32,0,0.224,none
clip32-2,32,0,0.136,none
clip32-3,32,0,0.136,none
clip32-4,32,0,0.136,none
clip32-5,32,0,0.301,none
clip32-6,32,0,0.32,none
clip32-1,32,1,0.036,none
clip32-2,32,1,0.136,none
clip32-3,32,1,0.036,none
clip32-4,32,1,0.115,none
clip32-5,32,1,0.036,none
clip32-6,32,1,0.204,none
clip32-1,32,3,0.036,none
clip32-2,32,3,0.036,none
clip32-3,32,3,0.036,none
clip32-4,32,3,0.036,none
clip32-5,32,3,0.136,none
clip32-6,32,3,0.136,none
clip32-1,32,4,0.036,none
clip32-2,32,4,0.036,none
clip32-3,32,4,0.036,none
clip32-4,32,4,0.036,none
clip32-5,32,4,0.036,none
clip32-6,32,4,0.225,none
clip32-1,32,5,0.136,none
clip32-2,32,5,0.24,none
clip32-3,32,5,0.156,none
clip32-4,32,5,0.146,none
clip32-5,32,5,0.136,none
clip32-6,32,5,0.136,none
clip33-1,33,0,0.341,single_question
clip33-2,33,0,0.337,single_question
clip33-3,33,0,0.264,single_question
clip33-4,33,0,0.257,single_question
clip33-5,33,0,0.471,single_question
clip33-6,33,0,0.317,single_question
clip33-7,33,0,0.136,single_question
clip33-8,33,0,0.304,single_question
clip33-9,33,0,0.296,single_question
clip33-10,33,0,0.136,single_question
clip33-11,33,0,0.036,single_question
clip33-12,33,0,0.284,single_question
clip33-13,33,0,0.136,single_question
clip33-1,33,1,0.136,single_question
clip33-2,33,1,0.115,single_question
clip33-3,33,1,0.407,single_question
clip33-4,33,1,0.036,single_question
clip33-5,33,1,0.136,single_question
clip33-6,33,1,0.225,single_question
clip33-7,33,1,0.523,single_question
clip33-8,33,1,0.136,single_question
clip33-9,33,1,0.136,single_question
clip33-10,33,1,0.194,single_question
clip33-11,33,1,0.339,single_question
clip33-12,33,1,0.036,single_question
clip33-13,33,1,0.18,single_question
clip33-1,33,2,0.214,single_question
clip33-2,33,2,0.136,single_question
clip33-3,33,2,0.136,single_question
clip33-4,33,2,0.036,single_question
clip33-5,33,2,0.136,single_question
clip33-6,33,2,0.036,single_question
clip33-7,33,2,0.136,single_question
clip33-8,33,2,0.136,single_question
clip33-9,33,2,0.136,single_question
clip33-10,33,2,0.036,single_question
clip33-11,33,2,0.036,single_question
clip33-12,33,2,0.036,single_question
clip33-13,33,2,0.036,single_question
clip33-1,33,3,0.136,single_question
clip33-2,33,3,0.303,single_question
clip33-3,33,3,0.136,single_question
clip33-4,33,3,0.136,single_question
clip33-5,33,3,0.136,single_question
clip33-6,33,3,0.136,single_question
clip33-7,33,3,0.136,single_question
clip33-8,33,3,0.214,single_question
clip33-9,33,3,0.136,single_question
clip33-10,33,3,0.136,single_question
clip33-11,33,3,0.036,single_question
clip33-12,33,3,0.036,single_question
clip33-13,33,3,0.036,single_question
clip33-1,33,4,0.036,single_question
clip33-2,33,4,0.136,single_question
clip33-3,33,4,0.036,single_question
clip33-4,33,4,0.036,single_question
clip33-5,33,4,0.225,single_question
clip33-6,33,4,0.036,single_question
clip33-7,33,4,0.225,single_question
clip33-8,33,4,0.036,single_question
clip33-9,33,4,0.136,single_question
clip33-10,33,4,0.036,single_question
clip33-11,33,4,0.036,single_question
clip33-12,33,4,0.136,single_question
clip33-13,33,4,0.036,single_question
clip33-1,33,5,0.036,single_question
clip33-2,33,5,0.136,single_question
clip33-3,33,5,0.136,single_question
clip33-4,33,5,0.136,single_question
clip33-5,33,5,0.136,single_question
clip33-6,33,5,0.136,single_question
clip33-7,33,5,0.136,single_question
clip33-8,33,5,0.136,single_question
clip33-9,33,5,0.214,single_question
clip33-10,33,5,0.036,single_question
clip33-11,33,5,0.036,single_question
clip33-12,33,5,0.036,single_question
clip33-13,33,5,0.136,single_question
clip34-1,34,0,0.354,single_activity
clip34-2,34,0,0.389,single_activity
clip34-3,34,0,0.154,single_activity
clip34-4,34,0,0.136,single_activity
clip34-5,34,0,0.136,single_activity
clip34-6,34,0,0.136,single_activity
clip34-7,34,0,0.328,single_activity
clip34-8,34,0,0.377,single_activity
clip34-9,34,0,0.132,single_activity
clip34-10,34,0,0.036,single_activity
clip34-11,34,0,0.136,single_activity
clip34-12,34,0,0.29,single_activity
clip34-13,34,0,0.391,single_activity
clip34-14,34,0,0.392,single_activity
clip34-15,34,0,0.036,single_activity
clip34-16,34,0,0.14,single_activity
clip34-17,34,0,0.136,single_activity
clip34-18,34,0,0.136,single_activity
clip34-1,34,1,0.225,single_activity
clip34-2,34,1,0.136,single_activity
clip34-3,34,1,0.036,single_activity
clip34-4,34,1,0.295,single_activity
clip34-5,34,1,0.198,single_activity
clip34-6,34,1,0.263,single_activity
clip34-7,34,1,0.136,single_activity
clip34-8,34,1,0.303,single_activity
clip34-9,34,1,0.036,single_activity
clip34-10,34,1,0.198,single_activity
clip34-11,34,1,0.274,single_activity
clip34-12,34,1,0.036,single_activity
clip34-13,34,1,0.036,single_activity
clip34-14,34,1,0.126,single_activity
clip34-15,34,1,0.166,single_activity
clip34-16,34,1,0.036,single_activity
clip34-17,34,1,0.311,single_activity
clip34-18,34,1,0.451,single_activity
clip34-1,34,2,0.136,single_activity
clip34-2,34,2,0.136,single_activity
clip34-3,34,2,0.036,single_activity
clip34-4,34,2,0.136,single_activity
clip34-5,34,2,0.036,single_activity
clip34-6,34,2,0.036,single_activity
clip34-7,34,2,0.136,single_activity
clip34-8,34,2,0.126,single_activity
clip34-9,34,2,0.036,single_activity
clip34-10,34,2,0.136,single_activity
clip34-11,34,2,0.136,single_activity
clip34-12,34,2,0.136,single_activity
clip34-13,34,2,0.136,single_activity
clip34-14,34,2,0.136,single_activity
clip34-15,34,2,0.136,single_activity
clip34-16,34,2,0.036,single_activity
clip34-17,34,2,0.036,single_activity
clip34-18,34,2,0.036,single_activity
clip34-1,34,3,0.136,single_activity
clip34-2,34,3,0.136,single_activity
clip34-3,34,3,0.036,single_activity
clip34-4,34,3,0.036,single_activity
clip34-5,34,3,0.036,single_activity
clip34-6,34,3,0.136,single_activity
clip34-7,34,3,0.136,single_activity
clip34-8,34,3,0.136,single_activity
clip34-9,34,3,0.036,single_activity
clip34-10,34,3,0.136,single_activity
clip34-11,34,3,0.036,single_activity
clip34-12,34,3,0.036,single_activity
clip34-13,34,3,0.136,single_activity
clip34-14,34,3,0.175,single_activity
clip34-15,34,3,0.136,single_activity
clip34-16,34,3,0.036,single_activity
clip34-17,34,3,0.136,single_activity
clip34-18,34,3,0.136,single_activity
clip34-1,34,4,0.175,single_activity
clip34-2,34,4,0.136,single_activity
clip34-3,34,4,0.036,single_activity
clip34-4,34,4,0.225,single_activity
clip34-5,34,4,0.036,single_activity
clip34-6,34,4,0.136,single_activity
clip34-7,34,4,0.136,single_activity
clip34-8,34,4,0.136,single_activity
clip34-9,34,4,0.036,single_activity
clip34-10,34,4,0.136,single_activity
clip34-11,34,4,0.136,single_activity
clip34-12,34,4,0.136,single_activity
clip34-13,34,4,0.136,single_activity
clip34-14,34,4,0.136,single_activity
clip34-15,34,4,0.036,single_activity
clip34-16,34,4,0.036,single_activity
clip34-17,34,4,0.036,single_activity
clip34-18,34,4,0.036,single_activity
clip34-1,34,5,0.136,single_activity
clip34-2,34,5,0.136,single_activity
clip34-3,34,5,0.036,single_activity
clip34-4,34,5,0.036,single_activity
clip34-5,34,5,0.036,single_activity
clip34-6,34,5,0.036,single_activity
clip34-7,34,5,0.036,single_activity
clip34-8,34,5,0.136,single_activity
clip34-9,34,5,0.036,single_activity
clip34-10,34,5,0.136,single_activity
clip34-11,34,5,0.136,single_activity
clip34-12,34,5,0.036,single_activity
clip34-13,34,5,0.136,single_activity
clip34-14,34,5,0.225,single_activity
clip34-15,34,5,0.136,single_activity
clip34-16,34,5,0.036,single_activity
clip34-17,34,5,0.136,single_activity
clip34-18,34,5,0.036,single_activity
clip35-1,35,0,0.446,all_question
clip35-2,35,0,0.417,all_question
clip35-3,35,0,0.415,all_question
clip35-4,35,0,0.177,all_question
clip35-5,35,0,0.136,all_question
clip35-6,35,0,0.136,all_question
clip35-7,35,0,0.136,all_question
clip35-8,35,0,0.413,all_question
clip35-9,35,0,0.27,all_question
clip35-10,35,0,0.445,all_question
clip35-11,35,0,0.126,all_question
clip35-12,35,0,0.036,all_question
clip35-13,35,0,0.036,all_question
clip35-1,35,1,0.303,all_question
clip35-2,35,1,0.136,all_question
clip35-3,35,1,0.115,all_question
clip35-4,35,1,0.036,all_question
clip35-5,35,1,0.38,all_question
clip35-6,35,1,0.171,all_question
clip35-7,35,1,0.154,all_question
clip35-8,35,1,0.036,all_question
clip35-9,35,1,0.036,all_question
clip35-10,35,1,0.214,all_question
clip35-11,35,1,0.319,all_question
clip35-12,35,1,0.266,all_question
clip35-13,35,1,0.184,all_question
clip35-1,35,2,0.225,all_question
clip35-2,35,2,0.136,all_question
clip35-3,35,2,0.136,all_question
clip35-4,35,2,0.036,all_question
clip35-5,35,2,0.136,all_question
clip35-6,35,2,0.136,all_question
clip35-7,35,2,0.036,all_question
clip35-8,35,2,0.136,all_question
clip35-9,35,2,0.036,all_question
clip35-10,35,2,0.136,all_question
clip35-11,35,2,0.136,all_question
clip35-12,35,2,0.136,all_question
clip35-13,35,2,0.136,all_question
clip35-1,35,3,0.136,all_question
clip35-2,35,3,0.136,all_question
clip35-3,35,3,0.136,all_question
clip35-4,35,3,0.036,all_question
clip35-5,35,3,0.036,all_question
clip35-6,35,3,0.036,all_question
clip35-7,35,3,0.036,all_question
clip35-8,35,3,0.136,all_question
clip35-9,35,3,0.036,all_question
clip35-10,35,3,0.136,all_question
clip35-11,35,3,0.136,all_question
clip35-12,35,3,0.136,all_question
clip35-13,35,3,0.136,all_question
clip35-1,35,4,0.303,all_question
clip35-2,35,4,0.136,all_question
clip35-3,35,4,0.136,all_question
clip35-4,35,4,0.036,all_question
clip35-5,35,4,0.136,all_question
clip35-6,35,4,0.136,all_question
clip35-7,35,4,0.136,all_question
clip35-8,35,4,0.136,all_question
clip35-9,35,4,0.136,all_question
clip35-10,35,4,0.225,all_question
clip35-11,35,4,0.036,all_question
clip35-12,35,4,0.036,all_question
clip35-13,35,4,0.036,all_question
clip35-1,35,5,0.136,all_question
clip35-2,35,5,0.136,all_question
clip35-3,35,5,0.136,all_question
clip35-4,35,5,0.036,all_question
clip35-5,35,5,0.136,all_question
clip35-6,35,5,0.036,all_question
clip35-7,35,5,0.036,all_question
clip35-8,35,5,0.036,all_question
clip35-9,35,5,0.036,all_question
clip35-10,35,5,0.036,all_question
clip35-11,35,5,0.136,all_question
clip35-12,35,5,0.075,all_question
clip35-13,35,5,0.036,all_question
clip36-1,36,0,0.325,none
clip36-2,36,0,0.426,none
clip36-3,36,0,0.165,none
clip36-1,36,1,0.214,none
clip36-2,36,1,0.136,none
clip36-3,36,1,0.136,none
clip36-1,36,2,0.136,none
clip36-2,36,2,0.136,none
clip36-3,36,2,0.136,none
clip36-1,36,3,0.136,none
clip36-2,36,3,0.136,none
clip36-3,36,3,0.036,none
clip36-1,36,4,0.136,none
clip36-2,36,4,0.264,none
clip36-3,36,4,0.075,none
clip36-1,36,5,0.136,none
clip36-2,36,5,0.175,none
clip36-3,36,5,0.036,none
clip37-1,37,0,0.438,single_question
clip37-2,37,0,0.036,single_question
clip37-3,37,0,0.184,single_question
clip37-1,37,1,0.225,single_question
clip37-2,37,1,0.264,single_question
clip37-3,37,1,0.036,single_question
clip37-1,37,2,0.214,single_question
clip37-2,37,2,0.036,single_question
clip37-3,37,2,0.036,single_question
clip37-1,37,3,0.136,single_question
clip37-2,37,3,0.036,single_question
clip37-3,37,3,0.036,single_question
clip37-1,37,4,0.175,single_question
clip37-2,37,4,0.136,single_question
clip37-3,37,4,0.036,single_question
clip37-1,37,5,0.175,single_question
clip37-2,37,5,0.036,single_question
clip37-3,37,5,0.036,single_question
clip38-1,38,0,0.307,all_question
clip38-2,38,0,0.136,all_question
clip38-3,38,0,0.328,all_question
clip38-4,38,0,0.192,all_question
clip38-5,38,0,0.178,all_question
clip38-6,38,0,0.364,all_question
clip38-7,38,0,0.429,all_question
clip38-1,38,1,0.136,all_question
clip38-2,38,1,0.225,all_question
clip38-3,38,1,0.204,all_question
clip38-4,38,1,0.036,all_question
clip38-5,38,1,0.036,all_question
clip38-6,38,1,0.214,all_question
clip38-7,38,1,0.214,all_question
clip38-1,38,2,0.136,all_question
clip38-2,38,2,0.185,all_question
clip38-3,38,2,0.136,all_question
clip38-4,38,2,0.036,all_question
clip38-5,38,2,0.036,all_question
clip38-6,38,2,0.136,all_question
clip38-7,38,2,0.036,all_question
clip38-1,38,3,0.036,all_question
clip38-2,38,3,0.126,all_question
clip38-3,38,3,0.075,all_question
clip38-4,38,3,0.036,all_question
clip38-5,38,3,0.036,all_question
clip38-6,38,3,0.136,all_question
clip38-7,38,3,0.036,all_question
clip38-1,38,4,0.036,all_question
clip38-2,38,4,0.136,all_question
clip38-3,38,4,0.136,all_question
clip38-4,38,4,0.136,all_question
clip38-5,38,4,0.036,all_question
clip38-6,38,4,0.136,all_question
clip38-7,38,4,0.175,all_question
clip38-1,38,5,0.075,all_question
clip38-2,38,5,0.175,all_question
clip38-3,38,5,0.136,all_question
clip38-4,38,5,0.136,all_question
clip38-5,38,5,0.036,all_question
clip38-6,38,5,0.175,all_question
clip38-7,38,5,0.136,all_question
clip39-1,39,0,0.425,single_activity
clip39-2,39,0,0.464,single_activity
clip39-3,39,0,0.183,single_activity
clip39-4,39,0,0.136,single_activity
clip39-5,39,0,0.136,single_activity
clip39-6,39,0,0.036,single_activity
clip39-7,39,0,0.175,single_activity
clip39-8,39,0,0.557,single_activity
clip39-9,39,0,0.036,single_activity
clip39-10,39,0,0.335,single_activity
clip39-11,39,0,0.214,single_activity
clip39-12,39,0,0.518,single_activity
clip39-13,39,0,0.175,single_activity
clip39-14,39,0,0.036,single_activity
clip39-15,39,0,0.036,single_activity
clip39-16,39,0,0.423,single_activity
clip39-1,39,1,0.214,single_activity
clip39-2,39,1,0.303,single_activity
clip39-3,39,1,0.036,single_activity
clip39-4,39,1,0.374,single_activity
clip39-5,39,1,0.175,single_activity
clip39-6,39,1,0.138,single_activity
clip39-7,39,1,0.036,single_activity
clip39-8,39,1,0.214,single_activity
clip39-9,39,1,0.188,single_activity
clip39-10,39,1,0.136,single_activity
clip39-11,39,1,0.305,single_activity
clip39-12,39,1,0.136,single_activity
clip39-13,39,1,0.396,single_activity
clip39-14,39,1,0.188,single_activity
clip39-15,39,1,0.161,single_activity
clip39-16,39,1,0.136,single_activity
clip39-1,39,2,0.136,single_activity
clip39-2,39,2,0.136,single_activity
clip39-3,39,2,0.036,single_activity
clip39-4,39,2,0.136,single_activity
clip39-5,39,2,0.136,single_activity
clip39-6,39,2,0.036,single_activity
clip39-7,39,2,0.136,single_activity
clip39-8,39,2,0.136,single_activity
clip39-9,39,2,0.036,single_activity
clip39-10,39,2,0.136,single_activity
clip39-11,39,2,0.136,single_activity
clip39-12,39,2,0.136,single_activity
clip39-13,39,2,0.036,single_activity
clip39-14,39,2,0.036,single_activity
clip39-15,39,2,0.036,single_activity
clip39-16,39,2,0.136,single_activity
clip39-1,39,3,0.136,single_activity
clip39-2,39,3,0.036,single_activity
clip39-3,39,3,0.036,single_activity
clip39-4,39,3,0.036,single_activity
clip39-5,39,3,0.075,single_activity
clip39-6,39,3,0.036,single_activity
clip39-7,39,3,0.036,single_activity
clip39-8,39,3,0.175,single_activity
clip39-9,39,3,0.036,single_activity
clip39-10,39,3,0.136,single_activity
clip39-11,39,3,0.036,single_activity
clip39-12,39,3,0.036,single_activity
clip39-13,39,3,0.036,single_activity
clip39-14,39,3,0.036,single_activity
clip39-15,39,3,0.036,single_activity
clip39-16,39,3,0.136,single_activity
clip39-1,39,4,0.136,single_activity
clip39-2,39,4,0.136,single_activity
clip39-3,39,4,0.036,single_activity
clip39-4,39,4,0.136,single_activity
clip39-5,39,4,0.136,single_activity
clip39-6,39,4,0.036,single_activity
clip39-7,39,4,0.036,single_activity
clip39-8,39,4,0.225,single_activity
clip39-9,39,4,0.136,single_activity
clip39-10,39,4,0.136,single_activity
clip39-11,39,4,0.036,single_activity
clip39-12,39,4,0.136,single_activity
clip39-13,39,4,0.136,single_activity
clip39-14,39,4,0.036,single_activity
clip39-15,39,4,0.136,single_activity
clip39-16,39,4,0.136,single_activity
clip39-1,39,5,0.136,single_activity
clip39-2,39,5,0.214,single_activity
clip39-3,39,5,0.036,single_activity
clip39-4,39,5,0.136,single_activity
clip39-5,39,5,0.036,single_activity
clip39-6,39,5,0.036,single_activity
clip39-7,39,5,0.036,single_activity
clip39-8,39,5,0.136,single_activity
clip39-9,39,5,0.036,single_activity
clip39-10,39,5,0.136,single_activity
clip39-11,39,5,0.136,single_activity
clip39-12,39,5,0.136,single_activity
clip39-13,39,5,0.136,single_activity
clip39-14,39,5,0.036,single_activity
clip39-15,39,5,0.036,single_activity
clip39-16,39,5,0.136,single_activity
clip40-1,40,0,0.522,none
clip40-2,40,0,0.292,none
clip40-3,40,0,0.234,none
clip40-4,40,0,0.036,none
clip40-5,40,0,0.322,none
clip40-6,40,0,0.154,none
clip40-7,40,0,0.136,none
clip40-8,40,0,0.338,none
clip40-9,40,0,0.271,none
clip40-10,40,0,0.269,none
clip40-11,40,0,0.179,none
clip40-12,40,0,0.405,none
clip40-13,40,0,0.419,none
clip40-14,40,0,0.422,none
clip40-15,40,0,0.514,none
clip40-16,40,0,0.136,none
clip40-17,40,0,0.136,none
clip40-18,40,0,0.136,none
clip40-19,40,0,0.036,none
clip40-20,40,0,0.492,none
clip40-21,40,0,0.292,none
clip40-22,40,0,0.292,none
clip40-23,40,0,0.292,none
clip40-24,40,0,0.309,none
clip40-25,40,0,0.442,none
clip40-26,40,0,0.467,none
clip40-27,40,0,0.482,none
clip40-28,40,0,0.218,none
clip40-29,40,0,0.414,none
clip40-30,40,0,0.33,none
clip40-31,40,0,0.318,none
clip40-32,40,0,0.531,none
clip40-1,40,1,0.214,none
clip40-2,40,1,0.036,none
clip40-3,40,1,0.036,none
clip40-4,40,1,0.036,none
clip40-5,40,1,0.136,none
clip40-6,40,1,0.036,none
clip40-7,40,1,0.136,none
clip40-8,40,1,0.136,none
clip40-9,40,1,0.214,none
clip40-10,40,1,0.136,none
clip40-11,40,1,0.036,none
clip40-12,40,1,0.136,none
clip40-13,40,1,0.136,none
clip40-14,40,1,0.136,none
clip40-15,40,1,0.214,none
clip40-16,40,1,0.136,none
clip40-17,40,1,0.136,none
clip40-18,40,1,0.136,none
clip40-19,40,1,0.136,none
clip40-20,40,1,0.214,none
clip40-21,40,1,0.136,none
clip40-22,40,1,0.036,none
clip40-23,40,1,0.214,none
clip40-24,40,1,0.136,none
clip40-25,40,1,0.136,none
clip40-26,40,1,0.115,none
clip40-27,40,1,0.115,none
clip40-28,40,1,0.214,none
clip40-29,40,1,0.303,none
clip40-30,40,1,0.136,none
clip40-31,40,1,0.136,none
clip40-32,40,1,0.225,none
clip40-1,40,2,0.136,none
clip40-2,40,2,0.136,none
clip40-3,40,2,0.303,none
clip40-4,40,2,0.036,none
clip40-5,40,2,0.136,none
clip40-6,40,2,0.136,none
clip40-7,40,2,0.136,none
clip40-8,40,2,0.136,none
clip40-9,40,2,0.136,none
clip40-10,40,2,0.136,none
clip40-11,40,2,0.036,none
clip40-12,40,2,0.136,none
clip40-13,40,2,0.136,none
clip40-14,40,2,0.036,none
clip40-15,40,2,0.214,none
clip40-16,40,2,0.204,none
clip40-17,40,2,0.136,none
clip40-18,40,2,0.136,none
clip40-19,40,2,0.136,none
clip40-20,40,2,0.136,none
clip40-21,40,2,0.036,none
clip40-22,40,2,0.225,none
clip40-23,40,2,0.136,none
clip40-24,40,2,0.214,none
clip40-25,40,2,0.214,none
clip40-26,40,2,0.136,none
clip40-27,40,2,0.214,none
clip40-28,40,2,0.136,none
clip40-29,40,2,0.136,none
clip40-30,40,2,0.136,none
clip40-31,40,2,0.225,none
clip40-32,40,2,0.225,none
clip40-1,40,3,0.136,none
clip40-2,40,3,0.225,none
clip40-3,40,3,0.225,none
clip40-4,40,3,0.036,none
clip40-5,40,3,0.136,none
clip40-6,40,3,0.036,none
clip40-7,40,3,0.36,none
clip40-8,40,3,0.136,none
clip40-9,40,3,0.136,none
clip40-10,40,3,0.036,none
clip40-11,40,3,0.036,none
clip40-12,40,3,0.036,none
clip40-13,40,3,0.136,none
clip40-14,40,3,0.136,none
clip40-15,40,3,0.214,none
clip40-16,40,3,0.278,none
clip40-17,40,3,0.423,none
clip40-18,40,3,0.276,none
clip40-19,40,3,0.267,none
clip40-20,40,3,0.136,none
clip40-21,40,3,0.136,none
clip40-22,40,3,0.136,none
clip40-23,40,3,0.136,none
clip40-24,40,3,0.175,none
clip40-25,40,3,0.225,none
clip40-26,40,3,0.225,none
clip40-27,40,3,0.225,none
clip40-28,40,3,0.136,none
clip40-29,40,3,0.136,none
clip40-30,40,3,0.136,none
clip40-31,40,3,0.136,none
clip40-32,40,3,0.136,none
clip40-1,40,4,0.303,none
clip40-2,40,4,0.126,none
clip40-3,40,4,0.136,none
clip40-4,40,4,0.036,none
clip40-5,40,4,0.136,none
clip40-6,40,4,0.036,none
clip40-7,40,4,0.036,none
clip40-8,40,4,0.036,none
clip40-9,40,4,0.136,none
clip40-10,40,4,0.136,none
clip40-11,40,4,0.036,none
clip40-12,40,4,0.136,none
clip40-13,40,4,0.036,none
clip40-14,40,4,0.136,none
clip40-15,40,4,0.115,none
clip40-16,40,4,0.136,none
clip40-17,40,4,0.136,none
clip40-18,40,4,0.136,none
clip40-19,40,4,0.036,none
clip40-20,40,4,0.136,none
clip40-21,40,4,0.036,none
clip40-22,40,4,0.036,none
clip40-23,40,4,0.036,none
clip40-24,40,4,0.136,none
clip40-25,40,4,0.136,none
clip40-26,40,4,0.136,none
clip40-27,40,4,0.136,none
clip40-28,40,4,0.136,none
clip40-29,40,4,0.136,none
clip40-30,40,4,0.136,none
clip40-31,40,4,0.136,none
clip40-32,40,4,0.036,none
clip40-1,40,5,0.136,none
clip40-2,40,5,0.136,none
clip40-3,40,5,0.136,none
clip40-4,40,5,0.162,none
clip40-5,40,5,0.036,none
clip40-6,40,5,0.136,none
clip40-7,40,5,0.136,none
clip40-8,40,5,0.136,none
clip40-9,40,5,0.136,none
clip40-10,40,5,0.036,none
clip40-11,40,5,0.036,none
clip40-12,40,5,0.136,none
clip40-13,40,5,0.175,none
clip40-14,40,5,0.136,none
clip40-15,40,5,0.136,none
clip40-16,40,5,0.136,none
clip40-17,40,5,0.136,none
clip40-18,40,5,0.136,none
clip40-19,40,5,0.136,none
clip40-20,40,5,0.136,none
clip40-21,40,5,0.136,none
clip40-22,40,5,0.136,none
clip40-23,40,5,0.136,none
clip40-24,40,5,0.136,none
clip40-25,40,5,0.136,none
clip40-26,40,5,0.136,none
clip40-27,40,5,0.136,none
clip40-28,40,5,0.136,none
clip40-29,40,5,0.136,none
clip40-30,40,5,0.225,none
clip40-31,40,5,0.136,none
clip40-32,40,5,0.136,none
clip41-1,41,0,0.543,single_activity
clip41-2,41,0,0.036,single_activity
clip41-3,41,0,0.437,single_activity
clip41-4,41,0,0.211,single_activity
clip41-5,41,0,0.457,single_activity
clip41-6,41,0,0.2,single_activity
clip41-7,41,0,0.175,single_activity
clip41-8,41,0,0.318,single_activity
clip41-9,41,0,0.036,single_activity
clip41-10,41,0,0.179,single_activity
clip41-11,41,0,0.16,single_activity
clip41-12,41,0,0.448,single_activity
clip41-13,41,0,0.314,single_activity
clip41-14,41,0,0.382,single_activity
clip41-15,41,0,0.533,single_activity
clip41-16,41,0,0.036,single_activity
clip41-17,41,0,0.288,single_activity
clip41-18,41,0,0.194,single_activity
clip41-19,41,0,0.16,single_activity
clip41-20,41,0,0.036,single_activity
clip41-21,41,0,0.036,single_activity
clip41-22,41,0,0.136,single_activity
clip41-23,41,0,0.312,single_activity
clip41-24,41,0,0.289,single_activity
clip41-25,41,0,0.288,single_activity
clip41-26,41,0,0.136,single_activity
clip41-27,41,0,0.372,single_activity
clip41-28,41,0,0.036,single_activity
clip41-29,41,0,0.296,single_activity
clip41-30,41,0,0.036,single_activity
clip41-31,41,0,0.036,single_activity
clip41-32,41,0,0.136,single_activity
clip41-33,41,0,0.136,single_activity
clip41-34,41,0,0.508,single_activity
clip41-35,41,0,0.433,single_activity
clip41-36,41,0,0.036,single_activity
clip41-37,41,0,0.298,single_activity
clip41-38,41,0,0.426,single_activity
clip41-39,41,0,0.424,single_activity
clip41-1,41,1,0.303,single_activity
clip41-2,41,1,0.136,single_activity
clip41-3,41,1,0.303,single_activity
clip41-4,41,1,0.136,single_activity
clip41-5,41,1,0.136,single_activity
clip41-6,41,1,0.136,single_activity
clip41-7,41,1,0.136,single_activity
clip41-8,41,1,0.214,single_activity
clip41-9,41,1,0.136,single_activity
clip41-10,41,1,0.136,single_activity
clip41-11,41,1,0.136,single_activity
clip41-12,41,1,0.136,single_activity
clip41-13,41,1,0.036,single_activity
clip41-14,41,1,0.136,single_activity
clip41-15,41,1,0.214,single_activity
clip41-16,41,1,0.036,single_activity
clip41-17,41,1,0.036,single_activity
clip41-18,41,1,0.036,single_activity
clip41-19,41,1,0.036,single_activity
clip41-20,41,1,0.305,single_activity
clip41-21,41,1,0.24,single_activity
clip41-22,41,1,0.28,single_activity
clip41-23,41,1,0.136,single_activity
clip41-24,41,1,0.036,single_activity
clip41-25,41,1,0.036,single_activity
clip41-26,41,1,0.136,single_activity
clip41-27,41,1,0.036,single_activity
clip41-28,41,1,0.036,single_activity
clip41-29,41,1,0.036,single_activity
clip41-30,41,1,0.036,single_activity
clip41-31,41,1,0.036,single_activity
clip41-32,41,1,0.136,single_activity
clip41-33,41,1,0.136,single_activity
clip41-34,41,1,0.225,single_activity
clip41-35,41,1,0.136,single_activity
clip41-36,41,1,0.136,single_activity
clip41-37,41,1,0.036,single_activity
clip41-38,41,1,0.136,single_activity
clip41-39,41,1,0.136,single_activity
clip41-1,41,2,0.136,single_activity
clip41-2,41,2,0.136,single_activity
clip41-3,41,2,0.136,single_activity
clip41-4,41,2,0.136,single_activity
clip41-5,41,2,0.136,single_activity
clip41-6,41,2,0.136,single_activity
clip41-7,41,2,0.136,single_activity
clip41-8,41,2,0.136,single_activity
clip41-9,41,2,0.136,single_activity
clip41-10,41,2,0.136,single_activity
clip41-11,41,2,0.036,single_activity
clip41-12,41,2,0.225,single_activity
clip41-13,41,2,0.136,single_activity
clip41-14,41,2,0.136,single_activity
clip41-15,41,2,0.225,single_activity
clip41-16,41,2,0.036,single_activity
clip41-17,41,2,0.036,single_activity
clip41-18,41,2,0.036,single_activity
clip41-19,41,2,0.036,single_activity
clip41-20,41,2,0.036,single_activity
clip41-21,41,2,0.136,single_activity
clip41-22,41,2,0.136,single_activity
clip41-23,41,2,0.036,single_activity
clip41-24,41,2,0.136,single_activity
clip41-25,41,2,0.136,single_activity
clip41-26,41,2,0.136,single_activity
clip41-27,41,2,0.136,single_activity
clip41-28,41,2,0.136,single_activity
clip41-29,41,2,0.136,single_activity
clip41-30,41,2,0.036,single_activity
clip41-31,41,2,0.036,single_activity
clip41-32,41,2,0.136,single_activity
clip41-33,41,2,0.136,single_activity
clip41-34,41,2,0.136,single_activity
clip41-35,41,2,0.136,single_activity
clip41-36,41,2,0.036,single_activity
clip41-37,41,2,0.036,single_activity
clip41-38,41,2,0.136,single_activity
clip41-39,41,2,0.303,single_activity
clip41-1,41,3,0.225,single_activity
clip41-2,41,3,0.19,single_activity
clip41-3,41,3,0.136,single_activity
clip41-4,41,3,0.136,single_activity
clip41-5,41,3,0.136,single_activity
clip41-6,41,3,0.036,single_activity
clip41-7,41,3,0.036,single_activity
clip41-8,41,3,0.036,single_activity
clip41-9,41,3,0.172,single_activity
clip41-10,41,3,0.036,single_activity
clip41-11,41,3,0.036,single_activity
clip41-12,41,3,0.225,single_activity
clip41-13,41,3,0.136,single_activity
clip41-14,41,3,0.136,single_activity
clip41-15,41,3,0.136,single_activity
clip41-16,41,3,0.286,single_activity
clip41-17,41,3,0.036,single_activity
clip41-18,41,3,0.136,single_activity
clip41-19,41,3,0.036,single_activity
clip41-20,41,3,0.036,single_activity
clip41-21,41,3,0.036,single_activity
clip41-22,41,3,0.036,single_activity
clip41-23,41,3,0.136,single_activity
clip41-24,41,3,0.036,single_activity
clip41-25,41,3,0.136,single_activity
clip41-26,41,3,0.297,single_activity
clip41-27,41,3,0.225,single_activity
clip41-28,41,3,0.115,single_activity
clip41-29,41,3,0.115,single_activity
clip41-30,41,3,0.146,single_activity
clip41-31,41,3,0.189,single_activity
clip41-32,41,3,0.488,single_activity
clip41-33,41,3,0.255,single_activity
clip41-34,41,3,0.225,single_activity
clip41-35,41,3,0.136,single_activity
clip41-36,41,3,0.194,single_activity
clip41-37,41,3,0.036,single_activity
clip41-38,41,3,0.225,single_activity
clip41-39,41,3,0.136,single_activity
clip41-1,41,4,0.225,single_activity
clip41-2,41,4,0.214,single_activity
clip41-3,41,4,0.303,single_activity
clip41-4,41,4,0.225,single_activity
clip41-5,41,4,0.136,single_activity
clip41-6,41,4,0.136,single_activity
clip41-7,41,4,0.136,single_activity
clip41-8,41,4,0.136,single_activity
clip41-9,41,4,0.036,single_activity
clip41-10,41,4,0.136,single_activity
clip41-11,41,4,0.136,single_activity
clip41-12,41,4,0.136,single_activity
clip41-13,41,4,0.036,single_activity
clip41-14,41,4,0.036,single_activity
clip41-15,41,4,0.136,single_activity
clip41-16,41,4,0.136,single_activity
clip41-17,41,4,0.036,single_activity
clip41-18,41,4,0.036,single_activity
clip41-19,41,4,0.036,single_activity
clip41-20,41,4,0.036,single_activity
clip41-21,41,4,0.036,single_activity
clip41-22,41,4,0.036,single_activity
clip41-23,41,4,0.036,single_activity
clip41-24,41,4,0.036,single_activity
clip41-25,41,4,0.036,single_activity
clip41-26,41,4,0.136,single_activity
clip41-27,41,4,0.136,single_activity
clip41-28,41,4,0.136,single_activity
clip41-29,41,4,0.126,single_activity
clip41-30,41,4,0.136,single_activity
clip41-31,41,4,0.136,single_activity
clip41-32,41,4,0.136,single_activity
clip41-33,41,4,0.136,single_activity
clip41-34,41,4,0.225,single_activity
clip41-35,41,4,0.036,single_activity
clip41-36,41,4,0.036,single_activity
clip41-37,41,4,0.036,single_activity
clip41-38,41,4,0.136,single_activity
clip41-39,41,4,0.036,single_activity
clip41-1,41,5,0.136,single_activity
clip41-2,41,5,0.136,single_activity
clip41-3,41,5,0.136,single_activity
clip41-4,41,5,0.136,single_activity
clip41-5,41,5,0.136,single_activity
clip41-6,41,5,0.036,single_activity
clip41-7,41,5,0.136,single_activity
clip41-8,41,5,0.136,single_activity
clip41-9,41,5,0.036,single_activity
clip41-10,41,5,0.036,single_activity
clip41-11,41,5,0.036,single_activity
clip41-12,41,5,0.175,single_activity
clip41-13,41,5,0.075,single_activity
clip41-14,41,5,0.136,single_activity
clip41-15,41,5,0.136,single_activity
clip41-16,41,5,0.136,single_activity
clip41-17,41,5,0.136,single_activity
clip41-18,41,5,0.136,single_activity
clip41-19,41,5,0.036,single_activity
clip41-20,41,5,0.036,single_activity
clip41-21,41,5,0.036,single_activity
clip41-22,41,5,0.036,single_activity
clip41-23,41,5,0.036,single_activity
clip41-24,41,5,0.036,single_activity
clip41-25,41,5,0.036,single_activity
clip41-26,41,5,0.136,single_activity
clip41-27,41,5,0.136,single_activity
clip41-28,41,5,0.036,single_activity
clip41-29,41,5,0.136,single_activity
clip41-30,41,5,0.136,single_activity
clip41-31,41,5,0.136,single_activity
clip41-32,41,5,0.136,single_activity
clip41-33,41,5,0.136,single_activity
clip41-34,41,5,0.136,single_activity
clip41-35,41,5,0.175,single_activity
clip41-36,41,5,0.136,single_activity
clip41-37,41,5,0.036,single_activity
clip41-38,41,5,0.136,single_activity
clip41-39,41,5,0.136,single_activity
clip42-1,42,0,0.489,all_activity
clip42-2,42,0,0.322,all_activity
clip42-3,42,0,0.492,all_activity
clip42-4,42,0,0.29,all_activity
clip42-5,42,0,0.323,all_activity
clip42-6,42,0,0.308,all_activity
clip42-7,42,0,0.258,all_activity
clip42-8,42,0,0.527,all_activity
clip42-9,42,0,0.452,all_activity
clip42-10,42,0,0.413,all_activity
clip42-11,42,0,0.395,all_activity
clip42-12,42,0,0.461,all_activity
clip42-13,42,0,0.319,all_activity
clip42-14,42,0,0.513,all_activity
clip42-15,42,0,0.306,all_activity
clip42-16,42,0,0.313,all_activity
clip42-17,42,0,0.457,all_activity
clip42-18,42,0,0.313,all_activity
clip42-1,42,1,0.136,all_activity
clip42-2,42,1,0.036,all_activity
clip42-3,42,1,0.136,all_activity
clip42-4,42,1,0.136,all_activity
clip42-5,42,1,0.136,all_activity
clip42-6,42,1,0.136,all_activity
clip42-7,42,1,0.136,all_activity
clip42-8,42,1,0.136,all_activity
clip42-9,42,1,0.175,all_activity
clip42-10,42,1,0.303,all_activity
clip42-11,42,1,0.136,all_activity
clip42-12,42,1,0.342,all_activity
clip42-13,42,1,0.075,all_activity
clip42-14,42,1,0.214,all_activity
clip42-15,42,1,0.036,all_activity
clip42-16,42,1,0.136,all_activity
clip42-17,42,1,0.136,all_activity
clip42-18,42,1,0.225,all_activity
clip42-1,42,2,0.214,all_activity
clip42-2,42,2,0.214,all_activity
clip42-3,42,2,0.214,all_activity
clip42-4,42,2,0.214,all_activity
clip42-5,42,2,0.214,all_activity
clip42-6,42,2,0.136,all_activity
clip42-7,42,2,0.136,all_activity
clip42-8,42,2,0.136,all_activity
clip42-9,42,2,0.136,all_activity
clip42-10,42,2,0.136,all_activity
clip42-11,42,2,0.136,all_activity
clip42-12,42,2,0.136,all_activity
clip42-13,42,2,0.214,all_activity
clip42-14,42,2,0.136,all_activity
clip42-15,42,2,0.136,all_activity
clip42-16,42,2,0.136,all_activity
clip42-17,42,2,0.214,all_activity
clip42-18,42,2,0.214,all_activity
clip42-1,42,3,0.225,all_activity
clip42-2,42,3,0.136,all_activity
clip42-3,42,3,0.136,all_activity
clip42-4,42,3,0.214,all_activity
clip42-5,42,3,0.136,all_activity
clip42-6,42,3,0.136,all_activity
clip42-7,42,3,0.136,all_activity
clip42-8,42,3,0.136,all_activity
clip42-9,42,3,0.136,all_activity
clip42-10,42,3,0.136,all_activity
clip42-11,42,3,0.136,all_activity
clip42-12,42,3,0.136,all_activity
clip42-13,42,3,0.136,all_activity
clip42-14,42,3,0.136,all_activity
clip42-15,42,3,0.136,all_activity
clip42-16,42,3,0.264,all_activity
clip42-17,42,3,0.225,all_activity
clip42-18,42,3,0.136,all_activity
clip42-1,42,4,0.136,all_activity
clip42-2,42,4,0.036,all_activity
clip42-3,42,4,0.303,all_activity
clip42-4,42,4,0.136,all_activity
clip42-5,42,4,0.136,all_activity
clip42-6,42,4,0.036,all_activity
clip42-7,42,4,0.136,all_activity
clip42-8,42,4,0.136,all_activity
clip42-9,42,4,0.136,all_activity
clip42-10,42,4,0.214,all_activity
clip42-11,42,4,0.225,all_activity
clip42-12,42,4,0.225,all_activity
clip42-13,42,4,0.036,all_activity
clip42-14,42,4,0.036,all_activity
clip42-15,42,4,0.036,all_activity
clip42-16,42,4,0.036,all_activity
clip42-17,42,4,0.136,all_activity
clip42-18,42,4,0.036,all_activity
clip42-1,42,5,0.136,all_activity
clip42-2,42,5,0.175,all_activity
clip42-3,42,5,0.136,all_activity
clip42-4,42,5,0.136,all_activity
clip42-5,42,5,0.175,all_activity
clip42-6,42,5,0.136,all_activity
clip42-7,42,5,0.214,all_activity
clip42-8,42,5,0.214,all_activity
clip42-9,42,5,0.136,all_activity
clip42-10,42,5,0.136,all_activity
clip42-11,42,5,0.136,all_activity
clip42-12,42,5,0.136,all_activity
clip42-13,42,5,0.136,all_activity
clip42-14,42,5,0.136,all_activity
clip42-15,42,5,0.136,all_activity
clip42-16,42,5,0.136,all_activity
clip42-17,42,5,0.136,all_activity
clip42-18,42,5,0.136,all_activity
clip43-1,43,0,0.46,all_activity
clip43-2,43,0,0.345,all_activity
clip43-3,43,0,0.321,all_activity
clip43-4,43,0,0.371,all_activity
clip43-5,43,0,0.334,all_activity
clip43-6,43,0,0.297,all_activity
clip43-7,43,0,0.136,all_activity
clip43-8,43,0,0.261,all_activity
clip43-9,43,0,0.136,all_activity
clip43-10,43,0,0.036,all_activity
clip43-11,43,0,0.388,all_activity
clip43-12,43,0,0.136,all_activity
clip43-13,43,0,0.036,all_activity
clip43-14,43,0,0.24,all_activity
clip43-15,43,0,0.192,all_activity
clip43-16,43,0,0.136,all_activity
clip43-17,43,0,0.292,all_activity
clip43-18,43,0,0.132,all_activity
clip43-19,43,0,0.036,all_activity
clip43-20,43,0,0.341,all_activity
clip43-21,43,0,0.211,all_activity
clip43-22,43,0,0.036,all_activity
clip43-1,43,1,0.303,all_activity
clip43-2,43,1,0.136,all_activity
clip43-3,43,1,0.225,all_activity
clip43-4,43,1,0.136,all_activity
clip43-5,43,1,0.036,all_activity
clip43-6,43,1,0.136,all_activity
clip43-7,43,1,0.19,all_activity
clip43-8,43,1,0.136,all_activity
clip43-9,43,1,0.323,all_activity
clip43-10,43,1,0.168,all_activity
clip43-11,43,1,0.225,all_activity
clip43-12,43,1,0.225,all_activity
clip43-13,43,1,0.036,all_activity
clip43-14,43,1,0.126,all_activity
clip43-15,43,1,0.136,all_activity
clip43-16,43,1,0.136,all_activity
clip43-17,43,1,0.136,all_activity
clip43-18,43,1,0.036,all_activity
clip43-19,43,1,0.136,all_activity
clip43-20,43,1,0.136,all_activity
clip43-21,43,1,0.136,all_activity
clip43-22,43,1,0.036,all_activity
clip43-1,43,2,0.126,all_activity
clip43-3,43,2,0.136,all_activity
clip43-4,43,2,0.225,all_activity
clip43-5,43,2,0.136,all_activity
clip43-6,43,2,0.036,all_activity
clip43-7,43,2,0.036,all_activity
clip43-8,43,2,0.036,all_activity
clip43-9,43,2,0.036,all_activity
clip43-10,43,2,0.136,all_activity
clip43-11,43,2,0.136,all_activity
clip43-12,43,2,0.356,all_activity
clip43-13,43,2,0.169,all_activity
clip43-14,43,2,0.036,all_activity
clip43-15,43,2,0.036,all_activity
clip43-16,43,2,0.036,all_activity
clip43-17,43,2,0.036,all_activity
clip43-18,43,2,0.036,all_activity
clip43-19,43,2,0.036,all_activity
clip43-20,43,2,0.136,all_activity
clip43-21,43,2,0.136,all_activity
clip43-22,43,2,0.136,all_activity
clip43-1,43,3,0.126,all_activity
clip43-3,43,3,0.036,all_activity
clip43-4,43,3,0.264,all_activity
clip43-5,43,3,0.136,all_activity
clip43-6,43,3,0.136,all_activity
clip43-7,43,3,0.036,all_activity
clip43-8,43,3,0.036,all_activity
clip43-9,43,3,0.036,all_activity
clip43-10,43,3,0.036,all_activity
clip43-11,43,3,0.136,all_activity
clip43-12,43,3,0.136,all_activity
clip43-13,43,3,0.036,all_activity
clip43-14,43,3,0.136,all_activity
clip43-15,43,3,0.036,all_activity
clip43-16,43,3,0.136,all_activity
clip43-17,43,3,0.136,all_activity
clip43-18,43,3,0.036,all_activity
clip43-19,43,3,0.214,all_activity
clip43-20,43,3,0.214,all_activity
clip43-21,43,3,0.136,all_activity
clip43-22,43,3,0.378,all_activity
clip43-1,43,4,0.126,all_activity
clip43-2,43,4,0.126,all_activity
clip43-3,43,4,0.036,all_activity
clip43-4,43,4,0.225,all_activity
clip43-5,43,4,0.036,all_activity
clip43-6,43,4,0.036,all_activity
clip43-7,43,4,0.036,all_activity
clip43-8,43,4,0.126,all_activity
clip43-9,43,4,0.036,all_activity
clip43-10,43,4,0.036,all_activity
clip43-11,43,4,0.036,all_activity
clip43-12,43,4,0.136,all_activity
clip43-13,43,4,0.036,all_activity
clip43-14,43,4,0.136,all_activity
clip43-15,43,4,0.136,all_activity
clip43-16,43,4,0.398,all_activity
clip43-17,43,4,0.036,all_activity
clip43-18,43,4,0.036,all_activity
clip43-19,43,4,0.136,all_activity
clip43-20,43,4,0.126,all_activity
clip43-21,43,4,0.136,all_activity
clip43-22,43,4,0.036,all_activity
clip43-1,43,5,0.264,all_activity
clip43-2,43,5,0.175,all_activity
clip43-3,43,5,0.264,all_activity
clip43-4,43,5,0.175,all_activity
clip43-5,43,5,0.036,all_activity
clip43-6,43,5,0.036,all_activity
clip43-7,43,5,0.075,all_activity
clip43-8,43,5,0.136,all_activity
clip43-9,43,5,0.036,all_activity
clip43-10,43,5,0.036,all_activity
clip43-11,43,5,0.136,all_activity
clip43-12,43,5,0.136,all_activity
clip43-13,43,5,0.036,all_activity
clip43-14,43,5,0.136,all_activity
clip43-15,43,5,0.175,all_activity
clip43-16,43,5,0.175,all_activity
clip43-17,43,5,0.175,all_activity
clip43-18,43,5,0.075,all_activity
clip43-19,43,5,0.305,all_activity
clip43-20,43,5,0.175,all_activity
clip43-21,43,5,0.036,all_activity
clip43-22,43,5,0.175,all_activity
clip44-1,44,0,0.431,all_activity
clip44-2,44,0,0.545,all_activity
clip44-3,44,0,0.439,all_activity
clip44-4,44,0,0.399,all_activity
clip44-5,44,0,0.311,all_activity
clip44-6,44,0,0.338,all_activity
clip44-7,44,0,0.457,all_activity
clip44-8,44,0,0.294,all_activity
clip44-9,44,0,0.348,all_activity
clip44-10,44,0,0.411,all_activity
clip44-11,44,0,0.47,all_activity
clip44-12,44,0,0.036,all_activity
clip44-13,44,0,0.469,all_activity
clip44-1,44,1,0.214,all_activity
clip44-2,44,1,0.136,all_activity
clip44-3,44,1,0.136,all_activity
clip44-4,44,1,0.136,all_activity
clip44-5,44,1,0.136,all_activity
clip44-6,44,1,0.214,all_activity
clip44-7,44,1,0.136,all_activity
clip44-9,44,1,0.214,all_activity
clip44-10,44,1,0.214,all_activity
clip44-11,44,1,0.225,all_activity
clip44-12,44,1,0.036,all_activity
clip44-13,44,1,0.036,all_activity
clip44-12,44,2,0.136,all_activity
clip44-13,44,2,0.136,all_activity
clip44-1,44,5,0.175,all_activity
clip44-2,44,5,0.136,all_activity
clip44-3,44,5,0.225,all_activity
clip44-4,44,5,0.136,all_activity
clip44-5,44,5,0.136,all_activity
clip44-6,44,5,0.136,all_activity
clip44-7,44,5,0.214,all_activity
clip44-8,44,5,0.136,all_activity
clip44-9,44,5,0.175,all_activity
clip44-10,44,5,0.175,all_activity
clip44-11,44,5,0.136,all_activity
clip44-12,44,5,0.136,all_activity
clip44-13,44,5,0.136,all_activity
